,Date,Slot,Final Product,Quantity Produced,Crude Tapis Available,Crude Minas Available,Crude Sepat Available,Crude Kimanis Available,Crude KIMC Available,Crude Bintulu Available,Crude Tapis Blended,Crude Minas Blended,Crude Sepat Blended,Crude Kimanis Blended,Crude KIMC Blended,Crude Bintulu Blended,Inventory Available,Ullage,Profit,Flag
0,2025-10-01,1,F3,70.0,464.6,0.0,149.3,350.0,0.0,433.0,49.3,0.0,20.6,0.0,0.0,0.0,1397.0,103.0,1011216.4999999997,Optimization
1,2025-10-02,1,F3,70.0,415.3,0.0,128.7,350.0,0.0,433.0,49.4,0.0,20.6,0.0,0.0,0.0,1327.0,173.0,1011216.5,Optimization
2,2025-10-03,1,F3,70.0,365.9,0.0,108.0,350.0,0.0,433.0,49.4,0.0,20.7,0.0,0.0,0.0,1257.0,243.0,1011216.5000000002,Optimization
3,2025-10-04,1,F3,70.0,316.6,0.0,87.4,350.0,0.0,433.0,49.4,0.0,20.6,0.0,0.0,0.0,1187.0,313.0,1011216.5,Optimization
4,2025-10-05,1,F3,70.0,267.2,0.0,66.8,350.0,0.0,433.0,49.4,0.0,20.7,0.0,0.0,0.0,1117.0,383.0,1011216.5000000002,Optimization
5,2025-10-06,1,F3,70.0,217.9,0.0,46.1,350.0,0.0,433.0,49.4,0.0,20.7,0.0,0.0,0.0,1047.0,453.0,1011216.5000000002,Optimization
6,2025-10-07,1,F3,86.3,157.1,0.0,20.6,350.0,0.0,433.0,60.8,0.0,25.4,0.0,0.0,0.0,960.7,539.3,1246269.2457627119,Optimization
7,2025-10-08,1,F3,70.0,107.7,0.0,0.0,350.0,0.0,433.0,49.4,0.0,20.6,0.0,0.0,0.0,890.7,609.3,1011216.5,Optimization
8,2025-10-09,1,F7,96.0,107.7,0.0,0.0,273.8,0.0,413.2,0.0,0.0,0.0,76.2,0.0,19.8,794.7,705.3,801866.8799999999,Optimization
9,2025-10-10,1,F7,96.0,107.7,0.0,0.0,197.6,0.0,393.4,0.0,0.0,0.0,76.2,0.0,19.8,698.7,471.3,801866.8799999999,Optimization
10,2025-10-11,1,F7,70.0,107.7,0.0,0.0,142.0,0.0,379.0,0.0,0.0,0.0,55.6,0.0,14.4,628.7,541.3,584694.6,Optimization
11,2025-10-12,1,F7,96.0,107.7,0.0,0.0,65.7,0.0,359.3,0.0,0.0,0.0,76.2,0.0,19.8,532.7,637.3,801866.8799999999,Optimization
12,2025-10-13,1,F7,76.6,107.7,0.0,0.0,4.9,0.0,343.5,0.0,0.0,0.0,60.8,0.0,15.8,456.2,328.8,639600.7597563466,Optimization
13,2025-10-14,1,F7,96.0,107.7,0.0,0.0,178.7,80.0,323.7,0.0,0.0,0.0,76.2,0.0,19.8,690.2,424.8,801866.8799999999,Optimization
14,2025-10-15,1,F7,96.0,107.7,0.0,0.0,102.5,80.0,303.9,0.0,0.0,0.0,76.2,0.0,19.8,594.2,520.8,801866.8799999999,Optimization
15,2025-10-16,1,F7,70.0,107.7,0.0,0.0,46.9,80.0,289.5,0.0,0.0,0.0,55.6,0.0,14.4,524.2,590.8,584694.6,Optimization
16,2025-10-17,1,F2,90.0,238.7,164.0,0.0,46.9,80.0,289.5,64.0,26.0,0.0,0.0,0.0,0.0,819.2,680.8,1124247.5999999999,Optimization
17,2025-10-18,1,F2,90.0,174.7,138.0,0.0,46.9,80.0,289.5,64.0,26.0,0.0,0.0,0.0,0.0,729.2,770.8,1124247.5999999999,Optimization
18,2025-10-19,1,F2,90.0,110.8,112.0,0.0,46.9,80.0,289.5,64.0,26.0,0.0,0.0,0.0,0.0,639.2,510.8,1124247.5999999999,Optimization
19,2025-10-20,1,F2,10.9,103.0,108.8,0.0,0.0,80.0,277.3,7.8,3.2,0.0,0.0,0.0,0.0,569.2,580.8,136232.4915891013,Optimization
20,2025-10-20,2,F7,59.1,103.0,108.8,0.0,0.0,80.0,277.3,0.0,0.0,0.0,46.9,0.0,12.2,569.2,580.8,493600.07349302305,Optimization
21,2025-10-21,1,F5,95.0,103.0,108.8,0.0,0.0,80.0,182.3,0.0,0.0,0.0,0.0,0.0,95.0,474.2,675.8,878750.0,Optimization
22,2025-10-22,1,F5,95.0,103.0,108.8,0.0,0.0,80.0,87.3,0.0,0.0,0.0,0.0,0.0,95.0,379.2,770.8,878750.0,Optimization
23,2025-10-23,1,F5,95.0,103.0,108.8,0.0,50.0,80.0,292.3,0.0,0.0,0.0,0.0,0.0,95.0,634.2,565.8,878750.0,Optimization
24,2025-10-24,1,F5,71.3,103.0,108.8,0.0,50.0,80.0,221.0,0.0,0.0,0.0,0.0,0.0,71.3,562.8,637.2,659825.5667506417,Optimization
25,2025-10-25,1,F5,95.0,103.0,108.8,0.0,50.0,80.0,126.0,0.0,0.0,0.0,0.0,0.0,95.0,467.8,732.2,878749.9999999999,Optimization
26,2025-10-26,1,F5,95.0,103.0,108.8,0.0,50.0,80.0,31.0,0.0,0.0,0.0,0.0,0.0,95.0,372.8,827.2,878750.0,Optimization
27,2025-10-27,1,F5,95.0,103.0,108.8,0.0,50.0,80.0,236.0,0.0,0.0,0.0,0.0,0.0,95.0,577.8,742.2,878750.0,Optimization
28,2025-10-28,1,F5,95.0,103.0,108.8,0.0,50.0,80.0,141.0,0.0,0.0,0.0,0.0,0.0,95.0,482.8,837.2,878749.9999999999,Optimization
29,2025-10-29,1,F7,63.0,103.0,108.8,0.0,0.0,80.0,95.0,0.0,0.0,0.0,50.0,0.0,13.0,386.8,933.2,525993.7027707808,Optimization
30,2025-10-29,2,F5,33.0,103.0,108.8,0.0,0.0,80.0,95.0,0.0,0.0,0.0,0.0,0.0,33.0,386.8,933.2,305506.29722920764,Optimization
31,2025-10-30,1,F5,95.0,103.0,108.8,0.0,0.0,80.0,-0.0,0.0,0.0,0.0,0.0,0.0,95.0,291.8,728.2,878750.0,Optimization
32,2025-10-31,1,F3,95.0,36.0,108.8,152.0,0.0,80.0,0.0,67.0,0.0,28.0,0.0,0.0,0.0,376.8,823.2,1372365.25,Optimization
33,2025-11-01,1,F3,51.1,-0.0,108.8,116.0,0.0,64.0,-0.0,36.0,0.0,15.1,0.0,0.0,0.0,288.8,911.2,738274.5875576038,Optimization
34,2025-11-01,2,F6,37.0,-0.0,108.8,116.0,0.0,64.0,-0.0,0.0,0.0,20.9,0.0,16.0,0.0,288.8,911.2,523674.19645888894,Optimization
35,2025-11-02,1,F6,80.0,0.0,108.8,70.7,0.0,29.2,0.0,0.0,0.0,45.3,0.0,34.7,0.0,208.8,991.2,1133390.4,Optimization
36,2025-11-03,1,F6,67.4,0.0,108.8,32.6,0.0,0.0,285.0,0.0,0.0,38.1,0.0,29.2,0.0,426.4,773.6,954434.0210526314,Optimization
37,2025-11-03,2,F5,15.0,0.0,108.8,32.6,0.0,0.0,285.0,0.0,0.0,0.0,0.0,0.0,15.0,426.4,773.6,138750.00000000003,Optimization
38,2025-11-04,1,F5,95.0,0.0,108.8,32.6,0.0,0.0,190.0,0.0,0.0,0.0,0.0,0.0,95.0,331.4,868.6,878750.0,Optimization
39,2025-11-05,1,F5,95.0,0.0,108.8,32.6,0.0,0.0,95.0,0.0,0.0,0.0,0.0,0.0,95.0,236.4,963.6,878750.0,Optimization
40,2025-11-06,1,F5,95.0,0.0,108.8,32.6,0.0,0.0,0.0,0.0,0.0,0.0,0.0,0.0,95.0,141.4,1058.6,878750.0,Optimization
41,2025-11-07,1,F4,95.0,0.0,108.8,32.6,205.0,0.0,0.0,0.0,0.0,0.0,95.0,0.0,0.0,346.4,1153.6,771399.9999999999,Optimization
42,2025-11-08,1,F4,95.0,0.0,108.8,32.6,110.0,0.0,0.0,0.0,0.0,0.0,95.0,0.0,0.0,251.4,1248.6,771399.9999999998,Optimization
43,2025-11-09,1,F4,95.0,0.0,108.8,32.6,15.0,0.0,0.0,0.0,0.0,0.0,95.0,0.0,0.0,156.4,1343.6,771399.9999999999,Optimization